<?xml version="1.0" encoding="UTF-8"?>
<project-private xmlns="http://www.netbeans.org/ns/project-private/1">
    <editor-bookmarks xmlns="http://www.netbeans.org/ns/editor-bookmarks/2" lastBookmarkId="0"/>
    <open-files xmlns="http://www.netbeans.org/ns/projectui-open-files/2">
        <group>
            <file>file:/Users/Daniel/NetBeansProjects/Questao4/src/server/TesteDeExecucao.java</file>
            <file>file:/Users/Daniel/NetBeansProjects/Questao4/src/objetos/Word.java</file>
            <file>file:/Users/Daniel/NetBeansProjects/Questao4/src/server/Executavel.java</file>
            <file>file:/Users/Daniel/NetBeansProjects/Questao4/src/objetos/Excel.java</file>
            <file>file:/Users/Daniel/NetBeansProjects/Questao4/src/server/Server.java</file>
        </group>
    </open-files>
</project-private>
