<?xml version="1.0" encoding="UTF-8"?>
<project-private xmlns="http://www.netbeans.org/ns/project-private/1">
    <editor-bookmarks xmlns="http://www.netbeans.org/ns/editor-bookmarks/2" lastBookmarkId="0"/>
    <open-files xmlns="http://www.netbeans.org/ns/projectui-open-files/2">
        <group>
            <file>file:/H:/Meu%20Drive/Programação%20Orientada%20a%20Objetos/Listas/ListasPOO/Lista11/Questao1/Servidor_Interface/src/servidor_interface/Servidor.java</file>
            <file>file:/H:/Meu%20Drive/Programação%20Orientada%20a%20Objetos/Listas/ListasPOO/Lista11/Questao1/Servidor_Interface/src/servidor_interface/ServidorFXMLController.java</file>
            <file>file:/H:/Meu%20Drive/Programação%20Orientada%20a%20Objetos/Listas/ListasPOO/Lista11/Questao1/Servidor_Interface/src/servidor_interface/Servidor_Interface.java</file>
        </group>
    </open-files>
</project-private>
