<?xml version="1.0" encoding="UTF-8"?>
<project-private xmlns="http://www.netbeans.org/ns/project-private/1">
    <editor-bookmarks xmlns="http://www.netbeans.org/ns/editor-bookmarks/2" lastBookmarkId="0"/>
    <open-files xmlns="http://www.netbeans.org/ns/projectui-open-files/2">
        <group>
            <file>file:/C:/Users/briot/OneDrive/Documents/NetBeansProjects/Questao1/src/questao1/Produtor.java</file>
            <file>file:/C:/Users/briot/OneDrive/Documents/NetBeansProjects/Questao1/src/questao1/Consumidor.java</file>
            <file>file:/C:/Users/briot/OneDrive/Documents/NetBeansProjects/Questao1/src/questao1/Questao1.java</file>
            <file>file:/C:/Users/briot/OneDrive/Documents/NetBeansProjects/Questao1/src/questao1/Deposito.java</file>
        </group>
    </open-files>
</project-private>
