<?xml version="1.0" encoding="UTF-8"?>
<project-private xmlns="http://www.netbeans.org/ns/project-private/1">
    <editor-bookmarks xmlns="http://www.netbeans.org/ns/editor-bookmarks/2" lastBookmarkId="0"/>
    <open-files xmlns="http://www.netbeans.org/ns/projectui-open-files/2">
        <group>
            <file>file:/C:/Users/12547764/Documents/NetBeansProjects/Ex3/src/ex3/Ex3.java</file>
            <file>file:/C:/Users/12547764/Documents/NetBeansProjects/Ex3/src/ex3/Calculadora.fxml</file>
            <file>file:/C:/Users/12547764/Documents/NetBeansProjects/Ex3/src/ex3/CalculadoraController.java</file>
        </group>
    </open-files>
</project-private>
